x1,x2,x3,x4,x5,x6,x7,x8,x9,x10,x11,x12,x13,x14,x15,x16,x17,x18,x19,x20,x21,x22,x23,x24,x25,x26,x27,x28,x29,x30,x31,x32,x33,x34,x35,x36,x37,x38,x39,x40,x41,x42,x43,x44,x45,x46,x47,x48,x49,x50,x51,x52,x53,x54,x55,x56,x57,x58,x59,x60,x61,x62,x63,Etiqueta
0.3223652243614197,0.7178296446800232,-4.018685046958126e-07,0.352276086807251,0.6100919246673584,0.01263947132974863,0.3894670307636261,0.5290377736091614,0.01165425218641758,0.4351691007614136,0.49262675642967224,0.007942409254610538,0.4660656452178955,0.4951860010623932,0.006726848892867565,0.45681142807006836,0.5435769557952881,-0.0028602450620383024,0.5214371681213379,0.5754278302192688,-0.004745670594274998,0.5015401840209961,0.5989764332771301,-0.0012482176534831524,0.47480466961860657,0.5945037603378296,0.002345698419958353,0.46560654044151306,0.618675708770752,-0.014311011880636215,0.5231900811195374,0.6449118852615356,-0.007799767889082432,0.5024476647377014,0.6637775897979736,0.0003441823646426201,0.4751194715499878,0.659264326095581,0.003670323174446821,0.4661681354045868,0.6966174244880676,-0.023831533268094063,0.5127051472663879,0.7117534875869751,-0.015629509463906288,0.49071013927459717,0.7255474925041199,-0.001495929667726159,0.46565917134284973,0.7206839919090271,0.004398646764457226,0.4587732255458832,0.7703072428703308,-0.03246685490012169,0.4992169141769409,0.7694859504699707,-0.02296726405620575,0.4777333736419678,0.7736511826515198,-0.006826827768236399,0.45583197474479675,0.7729479670524597,0.003582283155992627,A
0.26829832792282104,0.7222307920455933,-3.5634636219583626e-07,0.3087078332901001,0.6283711194992065,0.013429517857730389,0.35887807607650757,0.5524203181266785,0.009446235373616219,0.40384960174560547,0.5098016262054443,0.0022782504092901945,0.43256810307502747,0.5058194398880005,-0.0018276823684573174,0.3913002014160156,0.5397623777389526,-0.02050149068236351,0.47938773036003113,0.5890627503395081,-0.03468041494488716,0.457164466381073,0.6133853197097778,-0.03378986194729805,0.4255979359149933,0.6086195111274719,-0.02982470951974392,0.3920324742794037,0.6116021275520325,-0.03539445623755455,0.4830990433692932,0.655838668346405,-0.044138263911008835,0.4578070342540741,0.6762236952781677,-0.034127213060855865,0.4275268316268921,0.6700665354728699,-0.026757242158055305,0.39352884888648987,0.6912055611610413,-0.04808420315384865,0.4777407646179199,0.7243354320526123,-0.050992246717214584,0.4501190483570099,0.738700270652771,-0.030046239495277405,0.4217815399169922,0.7290282249450684,-0.016833724454045296,0.3907742500305176,0.7708195447921753,-0.05964513123035431,0.46347692608833313,0.7849986553192139,-0.055041927844285965,0.4390919506549835,0.7929893136024475,-0.03511616587638855,0.41335809230804443,0.7880107760429382,-0.021375145763158798,A
0.29827719926834106,0.7987090945243835,-3.300096693692467e-07,0.3230532109737396,0.7108533978462219,0.007449106778949499,0.3533834218978882,0.6427678465843201,0.007275445386767387,0.38873010873794556,0.6137019395828247,0.0053077321499586105,0.41164809465408325,0.6342283487319946,0.00593772204592824,0.40237921476364136,0.6751258969306946,-0.0016986893024295568,0.4544498026371002,0.6817780137062073,-0.0033456773962825537,0.4371512532234192,0.6876327395439148,0.00015443541633430868,0.41526317596435547,0.6896851062774658,0.00383833353407681,0.40808701515197754,0.73944091796875,-0.008962186053395271,0.45832717418670654,0.7372788786888123,-0.007592139765620232,0.44253137707710266,0.7396094799041748,-0.0016574985347688198,0.42194026708602905,0.7414743900299072,0.0025533337611705065,0.4087495803833008,0.7993544340133667,-0.015087996609508991,0.4525127708911896,0.789448082447052,-0.011644793674349785,0.43796834349632263,0.7887105941772461,-0.0010229350300505757,0.41996580362319946,0.7885764241218567,0.0051408628933131695,0.40336328744888306,0.8533989787101746,-0.02054421603679657,0.44362375140190125,0.8356513977050781,-0.015193340368568897,0.430483877658844,0.8294838666915894,-0.003074746113270521,0.4132930636405945,0.831540048122406,0.005672205705195665,A
0.27977505326271057,0.7925194501876831,-3.3817073585851176e-07,0.303717702627182,0.6938415765762329,0.00612429715692997,0.33398565649986267,0.6114076972007751,0.0014757972676306963,0.3703947365283966,0.5704302787780762,-0.004958179779350758,0.4021950364112854,0.5817140340805054,-0.008256589993834496,0.3800177276134491,0.6388166546821594,-0.011811218224465847,0.45139774680137634,0.6467230319976807,-0.02060364931821823,0.43133842945098877,0.6572780609130859,-0.01945294439792633,0.404691219329834,0.6592135429382324,-0.015797775238752365,0.38923531770706177,0.7054062485694885,-0.01935306005179882,0.45610520243644714,0.7037668824195862,-0.021787753328680992,0.43745625019073486,0.7130163311958313,-0.014640584588050842,0.41165295243263245,0.715952455997467,-0.00935434177517891,0.39412224292755127,0.7705214619636536,-0.025783570483326912,0.4500829875469208,0.7606934309005737,-0.02332346886396408,0.43189844489097595,0.7686809301376343,-0.008651267737150192,0.40970954298973083,0.7684691548347473,-7.713858940405771e-05,0.39330288767814636,0.829931378364563,-0.031779997050762177,0.4411776065826416,0.8100546002388,-0.02557314559817314,0.4247356951236725,0.8122256994247437,-0.010618831031024456,0.40549415349960327,0.815464973449707,-0.0002337639598408714,A
0.2128041386604309,0.7079130411148071,4.682771646002948e-07,0.24665537476539612,0.6274775862693787,0.005722301080822945,0.2954041063785553,0.5670933127403259,0.00010903830116149038,0.3392358720302582,0.5390466451644897,-0.006155869457870722,0.3588562309741974,0.5157010555267334,-0.0140837412327528,0.33238694071769714,0.5716081857681274,-0.03332185000181198,0.4192091226577759,0.5827510356903076,-0.05031813681125641,0.4653431177139282,0.597468376159668,-0.05661521106958389,0.49917834997177124,0.6095200181007385,-0.0590192936360836,0.3338533937931061,0.6330431699752808,-0.04528622329235077,0.43028175830841064,0.6410294771194458,-0.059340234845876694,0.4841681122779846,0.6567313075065613,-0.06193361431360245,0.5239973664283752,0.6698480844497681,-0.06304680556058884,0.3316967785358429,0.6991673111915588,-0.054918479174375534,0.4224620759487152,0.6981927156448364,-0.06535639613866806,0.4732104241847992,0.707045316696167,-0.06710361689329147,0.5115451216697693,0.7127417325973511,-0.0680752843618393,0.3262137770652771,0.7652083039283752,-0.06336929649114609,0.3963586986064911,0.7550793290138245,-0.07210010290145874,0.43676698207855225,0.7514286041259766,-0.07268296927213669,0.4713212847709656,0.7493209838867188,-0.07211177796125412,B
0.22883377969264984,0.722070038318634,5.43349415238481e-07,0.25996482372283936,0.6290053129196167,0.0021163246128708124,0.3005559742450714,0.5517081022262573,-0.008840199559926987,0.3386184275150299,0.5090659856796265,-0.019902734085917473,0.36668434739112854,0.5215747356414795,-0.032652001827955246,0.34734418988227844,0.5884194374084473,-0.04002632573246956,0.4396475851535797,0.6044039130210876,-0.05767268314957619,0.4871569871902466,0.6193848848342896,-0.0636315643787384,0.5210093259811401,0.6335249543190002,-0.06486386805772781,0.3500431478023529,0.6585804224014282,-0.049395911395549774,0.45281586050987244,0.6728812456130981,-0.06274821609258652,0.5089712142944336,0.6864510774612427,-0.06434173136949539,0.5464649200439453,0.6981935501098633,-0.06425119936466217,0.3485223352909088,0.7301822304725647,-0.05616166815161705,0.4407765865325928,0.7316612005233765,-0.06333549320697784,0.49289506673812866,0.7376536130905151,-0.06312962621450424,0.5295861959457397,0.7411287426948547,-0.06281904131174088,0.3418988287448883,0.7948208451271057,-0.0618625245988369,0.41497802734375,0.7860172390937805,-0.06609289348125458,0.4561290144920349,0.7832737565040588,-0.06313618272542953,0.48940378427505493,0.7816257476806641,-0.059822987765073776,B
0.2259679138660431,0.8248277902603149,3.6089033983444097e-07,0.24799776077270508,0.7308645248413086,-0.00021809361351188272,0.2828807830810547,0.6567767262458801,-0.007456399500370026,0.31437408924102783,0.6178988218307495,-0.013928838074207306,0.340999960899353,0.639047384262085,-0.0210495013743639,0.32245317101478577,0.7013580799102783,-0.0335046723484993,0.4019228219985962,0.6879803538322449,-0.04995923489332199,0.445412814617157,0.6839756965637207,-0.05523524060845375,0.47666800022125244,0.6850753426551819,-0.055961161851882935,0.3302416503429413,0.7626089453697205,-0.03915088623762131,0.4187466502189636,0.743212878704071,-0.051980290561914444,0.46829092502593994,0.7375267148017883,-0.05341925099492073,0.502394437789917,0.7360934019088745,-0.05289556831121445,0.335342139005661,0.8208162188529968,-0.04298027977347374,0.4155550003051758,0.7940940260887146,-0.050773803144693375,0.4600362181663513,0.7830408811569214,-0.05074997991323471,0.491521418094635,0.7755648493766785,-0.04990707337856293,0.33515623211860657,0.8685017228126526,-0.046121325343847275,0.3967038691043854,0.8430278301239014,-0.05218365043401718,0.4315840005874634,0.8301094770431519,-0.05134718865156174,0.4596134126186371,0.8197943568229675,-0.049237534403800964,B
0.25553756952285767,0.7470367550849915,4.2141590483879554e-07,0.28644251823425293,0.6591258645057678,0.004448268562555313,0.32907402515411377,0.5888932347297668,-0.0015044184401631355,0.37190955877304077,0.5599068999290466,-0.00829329900443554,0.4023456871509552,0.5621392726898193,-0.016279952600598335,0.3647213876247406,0.6155633330345154,-0.027678340673446655,0.44739386439323425,0.6178253889083862,-0.04148418828845024,0.4904153347015381,0.6250544786453247,-0.04558059200644493,0.5216096043586731,0.6307199001312256,-0.04638127237558365,0.3697548508644104,0.6723166108131409,-0.03757592663168907,0.4598780572414398,0.6743531227111816,-0.0483487993478775,0.5096905827522278,0.6815556287765503,-0.04970173537731171,0.544572114944458,0.6892695426940918,-0.04971830174326897,0.37048038840293884,0.7339550852775574,-0.04549960419535637,0.45335495471954346,0.7280557155609131,-0.052591174840927124,0.4994411766529083,0.7302414774894714,-0.052909769117832184,0.5328136682510376,0.7307765483856201,-0.052918367087841034,0.3658958673477173,0.7953909635543823,-0.05244216322898865,0.43089884519577026,0.7828096747398376,-0.05798465758562088,0.467987060546875,0.7760951519012451,-0.05662943422794342,0.4986220896244049,0.7711916565895081,-0.05450678989291191,B
0.25277963280677795,0.7791092395782471,4.711454266725923e-07,0.28277894854545593,0.6944018602371216,-0.00012529730156529695,0.321030855178833,0.6223539113998413,-0.00984873529523611,0.3561829924583435,0.5853092670440674,-0.01983831077814102,0.3854459822177887,0.5894892811775208,-0.030931241810321808,0.36389467120170593,0.6528629064559937,-0.033571578562259674,0.44453635811805725,0.660585880279541,-0.050965387374162674,0.4880957305431366,0.6684682965278625,-0.05807903781533241,0.5200918912887573,0.6755217909812927,-0.0608433298766613,0.3673068881034851,0.7130022048950195,-0.04293429106473923,0.4568294882774353,0.7199922204017639,-0.05677012726664543,0.5088322758674622,0.7284679412841797,-0.0607001930475235,0.5464897751808167,0.7365453839302063,-0.06259448826313019,0.365436851978302,0.775494396686554,-0.050809722393751144,0.4476882219314575,0.7736735939979553,-0.0607672818005085,0.49538302421569824,0.7773094773292542,-0.06350480765104294,0.5308751463890076,0.7787496447563171,-0.06498630344867706,0.35826438665390015,0.8356197476387024,-0.057980284094810486,0.42123672366142273,0.8271244764328003,-0.06580358743667603,0.45878270268440247,0.8232541084289551,-0.0659673884510994,0.4905981421470642,0.8204454779624939,-0.06483146548271179,B
0.33313828706741333,0.8285086750984192,4.842810312766233e-07,0.36334896087646484,0.728827178478241,-0.0013846817892044783,0.4021002948284149,0.6489952802658081,-0.010019450448453426,0.43802905082702637,0.6218417882919312,-0.01870214194059372,0.46411794424057007,0.6513195037841797,-0.028282202780246735,0.4497433304786682,0.6988604664802551,-0.03274042531847954,0.5350267887115479,0.697321891784668,-0.05060817673802376,0.5822213292121887,0.702146053314209,-0.058143600821495056,0.6170473098754883,0.708881139755249,-0.061055563390254974,0.45605096220970154,0.7653135061264038,-0.040973976254463196,0.5498310327529907,0.7612946033477783,-0.05590519309043884,0.6048206686973572,0.7646239995956421,-0.06091507151722908,0.6439615488052368,0.771426260471344,-0.0630340576171875,0.4570876359939575,0.8306994438171387,-0.04786652699112892,0.5414058566093445,0.8189175724983215,-0.058626968413591385,0.5905290842056274,0.8183910846710205,-0.06224653869867325,0.627310037612915,0.8182708024978638,-0.0637597069144249,0.4513522684574127,0.8887653350830078,-0.05427679419517517,0.5165982842445374,0.8775302767753601,-0.06262395530939102,0.5545380115509033,0.8713353872299194,-0.0630466416478157,0.5867384672164917,0.8665682077407837,-0.06173192337155342,B
0.18073248863220215,0.810000479221344,4.1001217709890625e-07,0.2070363461971283,0.7141577005386353,0.0065476237796247005,0.24461239576339722,0.6419366598129272,0.004293906036764383,0.27569228410720825,0.6034010052680969,0.0013415184803307056,0.29932868480682373,0.5832623243331909,-0.00242030480876565,0.29311466217041016,0.6516709923744202,-0.019794536754488945,0.37594786286354065,0.6484849452972412,-0.031028293073177338,0.4205067753791809,0.6497301459312439,-0.03380287066102028,0.45266813039779663,0.6517820358276367,-0.03352215513586998,0.3033226430416107,0.7136749029159546,-0.029292182996869087,0.3946090638637543,0.7034685611724854,-0.0370367169380188,0.44584542512893677,0.7023278474807739,-0.03735235333442688,0.4831986427307129,0.7030145525932312,-0.03677734360098839,0.3080047070980072,0.7772610783576965,-0.03711698204278946,0.3912282884120941,0.7578524947166443,-0.04217471182346344,0.43851757049560547,0.7502782344818115,-0.04232326149940491,0.47403672337532043,0.7427953481674194,-0.04218752682209015,0.30648893117904663,0.8383194208145142,-0.043934255838394165,0.36994704604148865,0.8143092393875122,-0.04790500923991203,0.40703871846199036,0.8018515110015869,-0.04637764021754265,0.43781840801239014,0.7909145355224609,-0.04411515220999718,B
0.24734069406986237,0.7445212602615356,4.4390938569449645e-07,0.27922412753105164,0.6537312865257263,0.006569343619048595,0.3164803683757782,0.5838756561279297,0.0017248648218810558,0.3476116955280304,0.5502853393554688,-0.004768608137965202,0.37360018491744995,0.5507031679153442,-0.012387314811348915,0.36801260709762573,0.6067700386047363,-0.02036735787987709,0.4499301016330719,0.6163514256477356,-0.03308851644396782,0.49408286809921265,0.6268616914749146,-0.03780055046081543,0.5267335176467896,0.6360071897506714,-0.03903039172291756,0.37459346652030945,0.6687231659889221,-0.03172001242637634,0.4648328423500061,0.6758683919906616,-0.04040021449327469,0.5159332156181335,0.6843835115432739,-0.04244963452219963,0.5527604818344116,0.693710446357727,-0.043101731687784195,0.37467366456985474,0.7342751026153564,-0.0414547361433506,0.4572593867778778,0.7314104437828064,-0.04679357632994652,0.50384122133255,0.7340492606163025,-0.047437846660614014,0.5386589169502258,0.7353511452674866,-0.04776223748922348,0.3678322434425354,0.7984139323234558,-0.05026736855506897,0.43250998854637146,0.7873587608337402,-0.054144956171512604,0.4696144163608551,0.7822771668434143,-0.05176316201686859,0.5010174512863159,0.7778333425521851,-0.048795897513628006,B
0.22140894830226898,0.7777913808822632,4.995641234017967e-07,0.2560456693172455,0.6762790679931641,0.005445347633212805,0.29707247018814087,0.5975050330162048,-0.0016148424474522471,0.3322203457355499,0.5585978627204895,-0.009588198736310005,0.36129453778266907,0.5673982501029968,-0.018889563158154488,0.3535614013671875,0.6266559362411499,-0.029093097895383835,0.44605332612991333,0.640483021736145,-0.04322521388530731,0.49444490671157837,0.6510566473007202,-0.047765541821718216,0.5299497842788696,0.6593992710113525,-0.04852624982595444,0.35925576090812683,0.6992165446281433,-0.039664965122938156,0.46048352122306824,0.7070518732070923,-0.04877442121505737,0.5163898468017578,0.7164884805679321,-0.049880243837833405,0.5552765130996704,0.7265909314155579,-0.04990525171160698,0.3587858974933624,0.7731545567512512,-0.04795856401324272,0.45021888613700867,0.7681806683540344,-0.052715640515089035,0.5014424324035645,0.7711989879608154,-0.05257455259561539,0.5389366149902344,0.7726765871047974,-0.05254129320383072,0.35153889656066895,0.8412730693817139,-0.05514155700802803,0.42337673902511597,0.8268479108810425,-0.05835495889186859,0.46403196454048157,0.821690022945404,-0.05529197305440903,0.4980041980743408,0.8175808787345886,-0.05176355689764023,B
0.3995223045349121,0.7514774799346924,-4.101337651718495e-07,0.42976200580596924,0.6390677690505981,0.008899977430701256,0.47637125849723816,0.5586912035942078,0.004115271382033825,0.5327827334403992,0.5334089994430542,-0.001887363730929792,0.5635436773300171,0.572810173034668,-0.004737612791359425,0.5215147733688354,0.5944521427154541,-0.023642269894480705,0.6052196025848389,0.6189089417457581,-0.032583191990852356,0.5801047086715698,0.623555600643158,-0.02815239690244198,0.5505902767181396,0.6214426755905151,-0.022215303033590317,0.5276140570640564,0.6769624948501587,-0.03226586803793907,0.6093617081642151,0.6875403523445129,-0.03350623697042465,0.5849114060401917,0.6894688010215759,-0.020193563774228096,0.5576334595680237,0.6898356080055237,-0.011081614531576633,0.5297289490699768,0.7562068700790405,-0.03833384066820145,0.6021440625190735,0.7540451288223267,-0.03498155251145363,0.5784666538238525,0.7528245449066162,-0.014969103038311005,0.5527757406234741,0.7500038146972656,-0.0031810549553483725,0.5250235199928284,0.8267923593521118,-0.043432626873254776,0.5852564573287964,0.8090053796768188,-0.036009158939123154,0.5646998286247253,0.8044239282608032,-0.017814112827181816,0.5422565340995789,0.8058786392211914,-0.0054088556207716465,A
0.42475271224975586,0.7736595869064331,-4.093895711321238e-07,0.43962669372558594,0.6534543037414551,0.0008162703015841544,0.4800453186035156,0.5627159476280212,-0.0009480711305513978,0.5320737957954407,0.5357811450958252,-0.002226694021373987,0.55571448802948,0.5664651989936829,-0.0008113310905173421,0.5383957028388977,0.6111637949943542,-0.013107838109135628,0.5991290211677551,0.5910579562187195,-0.014385120943188667,0.5749217867851257,0.596928596496582,-0.009417222812771797,0.5492905378341675,0.608233630657196,-0.005054882261902094,0.5536233186721802,0.6907553672790527,-0.015667252242565155,0.6109415888786316,0.6552491784095764,-0.012591688893735409,0.5879175066947937,0.6567212343215942,-0.004212990868836641,0.5625803470611572,0.6693810224533081,0.0012815598165616393,0.5601375102996826,0.7593463063240051,-0.016720250248908997,0.607818067073822,0.7176085710525513,-0.013009707443416119,0.5879270434379578,0.7145923376083374,-0.002474423497915268,0.5649624466896057,0.7217817902565002,0.0032627407927066088,0.5587343573570251,0.8171785473823547,-0.017376305535435677,0.598085343837738,0.773826003074646,-0.013172473758459091,0.5808947682380676,0.7680506706237793,-0.0024384898133575916,0.5613042116165161,0.7771875858306885,0.005365471355617046,A
0.3984934091567993,0.7897084951400757,-3.9372196170006646e-07,0.4186699688434601,0.6774644255638123,0.013735337182879448,0.4558688998222351,0.589671790599823,0.010427184402942657,0.5022383332252502,0.5483267903327942,0.005434955935925245,0.5362539291381836,0.5625216364860535,0.0037592428270727396,0.499295711517334,0.6123473048210144,-0.026483118534088135,0.589562177658081,0.6046550869941711,-0.036618076264858246,0.5680364966392517,0.618464469909668,-0.030098754912614822,0.5386272072792053,0.6261634826660156,-0.021746624261140823,0.5103875994682312,0.6884664297103882,-0.036923643201589584,0.6008059978485107,0.6729163527488708,-0.044260554015636444,0.5784738063812256,0.6835113763809204,-0.030744830146431923,0.5502180457115173,0.6895493865013123,-0.019520089030265808,0.5191845893859863,0.7637736201286316,-0.04380377382040024,0.597825825214386,0.7415171265602112,-0.04381783306598663,0.5749256014823914,0.7476893067359924,-0.02102048136293888,0.549422025680542,0.7484225034713745,-0.005827820859849453,0.5206430554389954,0.8314676880836487,-0.04914572834968567,0.5838067531585693,0.8022477626800537,-0.04177931323647499,0.563247561454773,0.8035783767700195,-0.02134859561920166,0.5404272079467773,0.8083837628364563,-0.0069433534517884254,A
0.407467246055603,0.8194974064826965,-4.13460043091618e-07,0.4245763123035431,0.6983224153518677,0.009702048264443874,0.46146827936172485,0.6055266857147217,0.004944521933794022,0.5080493688583374,0.5635524392127991,0.0004070072900503874,0.5416301488876343,0.5808662176132202,-0.0004845414950978011,0.5037075877189636,0.641499400138855,-0.03518838807940483,0.5947845578193665,0.6194921135902405,-0.04362284764647484,0.5709059834480286,0.6270731687545776,-0.033993955701589584,0.5412490367889404,0.6381053924560547,-0.023521751165390015,0.5170207023620605,0.7243671417236328,-0.04220264032483101,0.6066330075263977,0.6869791746139526,-0.048257023096084595,0.5841515064239502,0.6895171999931335,-0.03316400945186615,0.5569545030593872,0.6998447179794312,-0.02079717628657818,0.5286402106285095,0.8003734946250916,-0.04520644247531891,0.6049424409866333,0.7563824653625488,-0.04384242370724678,0.5840442776679993,0.7541379332542419,-0.021886954084038734,0.5604093074798584,0.757006824016571,-0.007635458838194609,0.533794105052948,0.8639715909957886,-0.0466277077794075,0.5924206376075745,0.8162276148796082,-0.03886730223894119,0.5736409425735474,0.8121764659881592,-0.0196418184787035,0.5538493990898132,0.8205494284629822,-0.006227495614439249,A
0.4057961702346802,0.7927333116531372,-4.0484354713044013e-07,0.42245709896087646,0.6791050434112549,0.008954580873250961,0.4570721387863159,0.5937381386756897,0.00857782457023859,0.5047129988670349,0.5585022568702698,0.007275440730154514,0.5350908041000366,0.5762165784835815,0.008721788413822651,0.5126064419746399,0.6187812685966492,-0.01193302869796753,0.5812162756919861,0.6142330169677734,-0.014066245406866074,0.5602891445159912,0.6268236041069031,-0.007382997311651707,0.5345178246498108,0.634873628616333,-0.0007229294860735536,0.5272376537322998,0.6918967366218567,-0.01804845966398716,0.5917816162109375,0.6787480711936951,-0.01433294266462326,0.5710925459861755,0.6882317066192627,-0.0029100116807967424,0.5460221767425537,0.6970643997192383,0.0046189348213374615,0.5350706577301025,0.7614049911499023,-0.021925464272499084,0.5876192450523376,0.7415577173233032,-0.01605379581451416,0.5680527687072754,0.7474390268325806,-0.0014590313658118248,0.5456867814064026,0.7521842122077942,0.006498879753053188,0.5354102253913879,0.8238476514816284,-0.024772698059678078,0.5808836817741394,0.7942526936531067,-0.016942961141467094,0.5624619126319885,0.7958284616470337,-0.0023963344283401966,0.5426339507102966,0.8030886650085449,0.0075477054342627525,A
0.4126068353652954,0.8253147602081299,-4.334229117830546e-07,0.43359410762786865,0.7062955498695374,0.009744199924170971,0.47479963302612305,0.6163562536239624,0.0053259264677762985,0.5266991853713989,0.5811206102371216,0.0010239032562822104,0.5600419640541077,0.6099728345870972,0.0004311157390475273,0.5171711444854736,0.6558287143707275,-0.03431791812181473,0.6080467700958252,0.6501625776290894,-0.04221685230731964,0.5835320949554443,0.6555581092834473,-0.03246476873755455,0.5542036294937134,0.6613551378250122,-0.022345038130879402,0.5273250937461853,0.7402480840682983,-0.04104180261492729,0.6153832077980042,0.7216641902923584,-0.044766902923583984,0.5917237401008606,0.7218254804611206,-0.02839922532439232,0.5645235776901245,0.7273320555686951,-0.016322454437613487,0.5354971289634705,0.8184033036231995,-0.04394643381237984,0.6123427152633667,0.7908679246902466,-0.04100609943270683,0.5907036662101746,0.7876401543617249,-0.01838826574385166,0.5662996768951416,0.7879435420036316,-0.004461459815502167,0.5375224947929382,0.8834919333457947,-0.04541204124689102,0.5996891260147095,0.8491519093513489,-0.03713170811533928,0.5820019841194153,0.8438296914100647,-0.018216311931610107,0.5619726777076721,0.8488302230834961,-0.005393976345658302,A
0.40552467107772827,0.8191372752189636,-4.182709290034836e-07,0.4272088408470154,0.7013835310935974,0.00955232698470354,0.4665302038192749,0.6121817231178284,0.003739197738468647,0.5166276097297668,0.5722638368606567,-0.0022661732509732246,0.5506311655044556,0.5981665253639221,-0.004604120273143053,0.5103291273117065,0.6438332796096802,-0.0344589464366436,0.601459801197052,0.6410537362098694,-0.043208248913288116,0.5769436955451965,0.6500120162963867,-0.034394945949316025,0.5472106337547302,0.6546779870986938,-0.024993615224957466,0.5204210877418518,0.7283875942230225,-0.04214588180184364,0.6086929440498352,0.7118353843688965,-0.04608665034174919,0.5851587057113647,0.7161436080932617,-0.030879726633429527,0.5574999451637268,0.7210822701454163,-0.01995163783431053,0.5285845994949341,0.8087676167488098,-0.046035584062337875,0.6058534979820251,0.7814809083938599,-0.04365454986691475,0.583454966545105,0.782876193523407,-0.021298309788107872,0.558043897151947,0.7841557264328003,-0.007803031243383884,0.5305163860321045,0.8770699501037598,-0.0485025979578495,0.5920577645301819,0.8424299955368042,-0.04146946594119072,0.5723719596862793,0.8415335416793823,-0.022541573271155357,0.5510507225990295,0.8480200171470642,-0.009610768407583237,A
0.4124391973018646,0.7911825776100159,-3.774022445668379e-07,0.42415353655815125,0.678889274597168,0.006394649855792522,0.4560443162918091,0.5942791700363159,0.007422484923154116,0.5008701682090759,0.5587555170059204,0.00811674538999796,0.5292248725891113,0.5716032981872559,0.011664608493447304,0.5110252499580383,0.6196930408477783,-0.007366709876805544,0.5746457576751709,0.6055462956428528,-0.007488618604838848,0.5549254417419434,0.6173498034477234,-0.0007073348388075829,0.5306062698364258,0.6279013156890869,0.005641597788780928,0.5281786322593689,0.6898249983787537,-0.01134508103132248,0.5859178900718689,0.6643748879432678,-0.00614403048530221,0.5669158101081848,0.671846330165863,0.003626131219789386,0.5443790555000305,0.6826160550117493,0.009962265379726887,0.5377337336540222,0.7541568875312805,-0.013638811185956001,0.5834195613861084,0.7214647531509399,-0.006916556973010302,0.566514790058136,0.725946307182312,0.004742064047604799,0.5468219518661499,0.7325896620750427,0.010663894936442375,0.5400401949882507,0.8109632134437561,-0.01516031939536333,0.5772259831428528,0.7747763991355896,-0.007786574307829142,0.5618670582771301,0.7756639719009399,0.004018849227577448,0.5451584458351135,0.7836630940437317,0.012116079218685627,A
0.26996418833732605,0.6835762858390808,3.7455177448464383e-07,0.32796865701675415,0.6798703670501709,0.004617513157427311,0.38145628571510315,0.6520933508872986,0.0003103464550804347,0.42128804326057434,0.6456771492958069,-0.009371146559715271,0.4563101828098297,0.6403055191040039,-0.018416358157992363,0.36151251196861267,0.48110291361808777,0.014186635613441467,0.4031466841697693,0.41821905970573425,0.00020596171088982373,0.44148939847946167,0.4151771366596222,-0.013585724867880344,0.4710635542869568,0.429288387298584,-0.022070251405239105,0.3483026325702667,0.47008204460144043,0.000736135698389262,0.4005219638347626,0.3939315676689148,-0.012640625238418579,0.4432457983493805,0.40061479806900024,-0.02460022084414959,0.4733318090438843,0.42839959263801575,-0.03170652687549591,0.33919984102249146,0.4762072265148163,-0.014628537930548191,0.3964748680591583,0.40734654664993286,-0.027612008154392242,0.44092515110969543,0.4146217107772827,-0.03501409664750099,0.4721148908138275,0.44253188371658325,-0.038244713097810745,0.3351691663265228,0.5010064244270325,-0.030377116054296494,0.3879700303077698,0.4602085053920746,-0.03928274288773537,0.4251915216445923,0.45258498191833496,-0.04196317121386528,0.453354150056839,0.45966485142707825,-0.04247783124446869,C
0.28319215774536133,0.7531506419181824,2.7599483587437135e-07,0.34942495822906494,0.7353946566581726,0.013703061267733574,0.4007953107357025,0.6968182921409607,0.013268747366964817,0.43841952085494995,0.6850484013557434,0.0053663733415305614,0.4726431667804718,0.6757179498672485,-0.0021684428211301565,0.36956313252449036,0.5243202447891235,0.025717413052916527,0.4142611026763916,0.4587419629096985,0.014560293406248093,0.4533196687698364,0.4618341326713562,0.0017891485476866364,0.4821801483631134,0.4794423580169678,-0.006502700038254261,0.357088178396225,0.5193751454353333,0.0073394919745624065,0.41456541419029236,0.43987220525741577,-0.004960466641932726,0.45825543999671936,0.4492192268371582,-0.017153682187199593,0.48786795139312744,0.47968989610671997,-0.024195097386837006,0.35083627700805664,0.5316674113273621,-0.012452692724764347,0.41177791357040405,0.4587539732456207,-0.02286001853644848,0.45789316296577454,0.46557411551475525,-0.02897101826965809,0.4898068904876709,0.49389490485191345,-0.03167927637696266,0.35212117433547974,0.5636723637580872,-0.03221934288740158,0.40619152784347534,0.5114522576332092,-0.03853052109479904,0.44546690583229065,0.49921080470085144,-0.039743393659591675,0.47565847635269165,0.5044603943824768,-0.03975289687514305,C
0.2997889220714569,0.7238186001777649,3.532887546953134e-07,0.3539460003376007,0.7248607277870178,0.006660306826233864,0.40671250224113464,0.697238564491272,0.007756251376122236,0.4452822804450989,0.6860547661781311,0.0027569930534809828,0.4789116680622101,0.6759542226791382,-0.0012729060836136341,0.39294126629829407,0.5341676473617554,0.034166473895311356,0.4283117651939392,0.47406840324401855,0.0278445016592741,0.462319016456604,0.466560423374176,0.016964754089713097,0.48948588967323303,0.47588127851486206,0.009673898108303547,0.38186898827552795,0.5184768438339233,0.020975537598133087,0.42469465732574463,0.4433877468109131,0.013332725502550602,0.46281617879867554,0.4450359344482422,0.0018250627908855677,0.4913172423839569,0.46999987959861755,-0.004759278614073992,0.3734063506126404,0.5174818634986877,0.004915720317512751,0.42194831371307373,0.4440304636955261,-0.004493345972150564,0.4628411829471588,0.4471370577812195,-0.01143716648221016,0.4930011034011841,0.46990877389907837,-0.014005138538777828,0.36920949816703796,0.5341094136238098,-0.011746312491595745,0.41895371675491333,0.48804712295532227,-0.01837661862373352,0.45485368371009827,0.47953101992607117,-0.019962657243013382,0.4840466380119324,0.48494628071784973,-0.01951945386826992,C
0.2948615550994873,0.7980056405067444,2.4821758870530175e-07,0.3704007565975189,0.7577543258666992,0.018204817548394203,0.41856101155281067,0.7022953629493713,0.0170721597969532,0.4559929668903351,0.6833004355430603,0.007670051883906126,0.4889706075191498,0.6731488704681396,-0.0018530945526435971,0.36927393078804016,0.5448179841041565,0.015212391503155231,0.408827006816864,0.454826295375824,-0.0018200967460870743,0.44986510276794434,0.44754379987716675,-0.016552036628127098,0.4834606647491455,0.46106570959091187,-0.02616303600370884,0.35582640767097473,0.5468909740447998,-0.007577937096357346,0.411044716835022,0.43854820728302,-0.02548914961516857,0.4574835002422333,0.43648281693458557,-0.038131147623062134,0.4907037019729614,0.46108293533325195,-0.04536324739456177,0.35041719675064087,0.5677878856658936,-0.030885543674230576,0.405235230922699,0.47293221950531006,-0.04499708116054535,0.45306897163391113,0.46263089776039124,-0.05198173597455025,0.4875994920730591,0.4768296182155609,-0.055676575750112534,0.3544279932975769,0.607562780380249,-0.05366550758481026,0.4003872573375702,0.5383051037788391,-0.06296131014823914,0.43820035457611084,0.5119756460189819,-0.0661250501871109,0.4684128761291504,0.5040074586868286,-0.0681336373090744,C
0.31943458318710327,0.733272910118103,2.647241501563258e-07,0.38430625200271606,0.70609050989151,0.01171405240893364,0.4343433380126953,0.6644122004508972,0.008435074239969254,0.4703581929206848,0.6541332006454468,-0.0026392564177513123,0.4989285469055176,0.646132230758667,-0.013568226248025894,0.40595030784606934,0.4906376600265503,0.019368283450603485,0.43206191062927246,0.40027719736099243,0.0027138113509863615,0.46872246265411377,0.3964959979057312,-0.013740873895585537,0.49891579151153564,0.417169988155365,-0.024108722805976868,0.3920917510986328,0.4897657036781311,-0.00046997173922136426,0.4268077611923218,0.3829847574234009,-0.01809888519346714,0.47024351358413696,0.3884463906288147,-0.03378841653466225,0.5003941655158997,0.4259600043296814,-0.04275933653116226,0.38195279240608215,0.5029982328414917,-0.02190873585641384,0.42077064514160156,0.4045659005641937,-0.03593779727816582,0.4662821292877197,0.4063791036605835,-0.04430122673511505,0.4990004003047943,0.436786949634552,-0.0480458028614521,0.376910924911499,0.5340281128883362,-0.04359160363674164,0.41365334391593933,0.46446841955184937,-0.0539025142788887,0.45088711380958557,0.44577378034591675,-0.05797133967280388,0.48132574558258057,0.450272798538208,-0.059373192489147186,C
0.3361241817474365,0.7278423309326172,3.3037318303286156e-07,0.38565871119499207,0.7301062345504761,-0.0007737160776741803,0.4370463788509369,0.7036075592041016,-0.004495824221521616,0.4743470251560211,0.6982839703559875,-0.012048466131091118,0.5052185654640198,0.7007395029067993,-0.018961386755108833,0.4253411889076233,0.5517946481704712,0.010908104479312897,0.4616655707359314,0.49100741744041443,-0.002066014800220728,0.49417757987976074,0.48659688234329224,-0.014652463607490063,0.5199235677719116,0.49892914295196533,-0.022464966401457787,0.4120008945465088,0.5387696027755737,0.0007103147800080478,0.45568111538887024,0.4629809260368347,-0.012750186026096344,0.4928320050239563,0.46693265438079834,-0.02453071065247059,0.5204617977142334,0.49477410316467285,-0.031011683866381645,0.39947429299354553,0.5390861630439758,-0.01187481265515089,0.447379469871521,0.46760094165802,-0.025510815903544426,0.4864862859249115,0.4709509313106537,-0.03343793749809265,0.5163769721984863,0.4947688579559326,-0.03659367188811302,0.38935235142707825,0.5533627867698669,-0.025204677134752274,0.4341716170310974,0.50960773229599,-0.036187950521707535,0.4682086706161499,0.5003423094749451,-0.04055064171552658,0.496321439743042,0.5058214664459229,-0.0419115349650383,C
0.36022645235061646,0.7223102450370789,5.261166506898007e-07,0.40400466322898865,0.7266107201576233,0.006542310584336519,0.44493597745895386,0.6970486640930176,0.003875039517879486,0.47958600521087646,0.6876071691513062,-0.0037232195027172565,0.5095284581184387,0.6843820810317993,-0.010158543474972248,0.4083520472049713,0.5363099575042725,0.01730586215853691,0.45253467559814453,0.47593432664871216,0.010886522941291332,0.4910171926021576,0.47039198875427246,0.003635664703324437,0.5199132561683655,0.48208099603652954,-0.0003428923664614558,0.4011436700820923,0.5263720154762268,0.006044141482561827,0.45466768741607666,0.4612528681755066,0.00043263216502964497,0.49757832288742065,0.4623590409755707,-0.004865475930273533,0.5277129411697388,0.48610952496528625,-0.0070268246345222,0.40103742480278015,0.5350538492202759,-0.006335832178592682,0.45688480138778687,0.4692326486110687,-0.010309701785445213,0.5000953078269958,0.4664672911167145,-0.010752121917903423,0.5296061635017395,0.4876316785812378,-0.009554114192724228,0.4099867343902588,0.565514087677002,-0.019287245348095894,0.4616437256336212,0.5117397308349609,-0.02024737000465393,0.49738609790802,0.4994284510612488,-0.01689496636390686,0.5230422616004944,0.5043492317199707,-0.013118702918291092,C
0.31207650899887085,0.778552770614624,2.919740893503331e-07,0.38552677631378174,0.7615982294082642,0.01675250381231308,0.4329150319099426,0.7219918370246887,0.015264756977558136,0.4679512679576874,0.7094748616218567,0.0061297668144106865,0.4966666102409363,0.7048394680023193,-0.0027599658351391554,0.39436861872673035,0.5496671199798584,0.01756250485777855,0.44874468445777893,0.4904274046421051,0.004067998845130205,0.49050870537757874,0.4993925094604492,-0.009404286742210388,0.5200484395027161,0.5240494608879089,-0.018175387755036354,0.38402262330055237,0.5493557453155518,-0.0029079453088343143,0.45376136898994446,0.4739302396774292,-0.017029374837875366,0.49788495898246765,0.486715704202652,-0.0284983292222023,0.5249922871589661,0.5212447047233582,-0.03486775979399681,0.38198941946029663,0.5694898366928101,-0.023615002632141113,0.44936686754226685,0.5005114674568176,-0.03283252567052841,0.49481403827667236,0.5070797801017761,-0.036665309220552444,0.5240184664726257,0.5333777666091919,-0.03860095888376236,0.3886690139770508,0.6107761263847351,-0.044099029153585434,0.44215503334999084,0.5596449971199036,-0.04846376180648804,0.47905269265174866,0.5451081991195679,-0.04815349727869034,0.5072652101516724,0.5456366539001465,-0.04775011166930199,C
0.3427950143814087,0.7489296793937683,4.864329525844369e-07,0.39333757758140564,0.7506312727928162,0.012265968136489391,0.43031996488571167,0.7200717926025391,0.010300932452082634,0.461637407541275,0.7097870111465454,0.002198567381128669,0.4933173656463623,0.6985203623771667,-0.004671087022870779,0.39427170157432556,0.5592437982559204,0.015194321051239967,0.44366133213043213,0.4939878582954407,0.004893242847174406,0.4835187792778015,0.5016133785247803,-0.0035727948416024446,0.510970950126648,0.52803635597229,-0.007501376327127218,0.3875591456890106,0.5519555807113647,-0.00033087917836382985,0.4450947642326355,0.4753713607788086,-0.011808719485998154,0.49099063873291016,0.4889874756336212,-0.01878466084599495,0.5180785059928894,0.5286610126495361,-0.020549852401018143,0.38777804374694824,0.566371500492096,-0.016286015510559082,0.4430948793888092,0.4959700107574463,-0.023371370509266853,0.4889720678329468,0.5033218264579773,-0.02350149117410183,0.517797589302063,0.5330017805099487,-0.021233895793557167,0.39729854464530945,0.6070539355278015,-0.032160401344299316,0.4472687244415283,0.5488017797470093,-0.03503847494721413,0.48388516902923584,0.540199339389801,-0.03127554431557655,0.5094701051712036,0.5494894981384277,-0.02656496874988079,C
0.3122924268245697,0.7835630774497986,2.8153473863312684e-07,0.3863893151283264,0.756386935710907,0.01789635419845581,0.43702948093414307,0.7144762873649597,0.01762651838362217,0.47106218338012695,0.6957873702049255,0.009772354736924171,0.48911207914352417,0.6830296516418457,0.002941268729045987,0.3866896629333496,0.5463679432868958,0.02338762953877449,0.4445597231388092,0.4813476800918579,0.010311690159142017,0.48846375942230225,0.490844190120697,-0.0054054297506809235,0.5203661918640137,0.5194670557975769,-0.015771953389048576,0.38076305389404297,0.5533239245414734,0.0026260847225785255,0.4582420885562897,0.4676264226436615,-0.014075804501771927,0.4994594156742096,0.4872570037841797,-0.0308412816375494,0.5209569334983826,0.5312148332595825,-0.03951319679617882,0.38191014528274536,0.5737853050231934,-0.017711423337459564,0.44901615381240845,0.49985355138778687,-0.02550480142235756,0.49372398853302,0.5095328688621521,-0.030453067272901535,0.5198917984962463,0.5450500845909119,-0.032717522233724594,0.39373743534088135,0.6163913607597351,-0.038032595068216324,0.4462301731109619,0.5594521164894104,-0.03763260319828987,0.4839024543762207,0.5510843992233276,-0.034814104437828064,0.511378288269043,0.5607775449752808,-0.03293151408433914,C
0.34226760268211365,0.7479691505432129,4.7670968683632964e-07,0.39486467838287354,0.7502614259719849,0.014570139348506927,0.4313100576400757,0.7186282277107239,0.013877357356250286,0.46218687295913696,0.707425594329834,0.0066173383966088295,0.49370279908180237,0.6959288120269775,0.0005309938569553196,0.3943782448768616,0.557497501373291,0.018690593540668488,0.44464802742004395,0.4957987070083618,0.009869208559393883,0.4845750331878662,0.5043938755989075,0.002067074878141284,0.5121980309486389,0.5305069088935852,-0.0017954155337065458,0.3878207802772522,0.5500266551971436,0.0021103275939822197,0.44709229469299316,0.4745798110961914,-0.008364167995750904,0.49276202917099,0.48888954520225525,-0.014855902642011642,0.5198318958282471,0.5276665687561035,-0.016466043889522552,0.388141930103302,0.5645866394042969,-0.014777756296098232,0.44511327147483826,0.49574601650238037,-0.021042615175247192,0.49055927991867065,0.5033252239227295,-0.020383087918162346,0.5188710689544678,0.5325222611427307,-0.017797334119677544,0.39827120304107666,0.6065893769264221,-0.031460072845220566,0.44900766015052795,0.5489140152931213,-0.0334903858602047,0.4856475293636322,0.5405998826026917,-0.029044605791568756,0.5113288760185242,0.5493800640106201,-0.024136293679475784,C
0.3436655104160309,0.7449712753295898,4.916757347928069e-07,0.39510419964790344,0.749043881893158,0.012024395167827606,0.4324873685836792,0.7175654172897339,0.010486448183655739,0.46343621611595154,0.7074247002601624,0.0028190056327730417,0.49412304162979126,0.6937397122383118,-0.0038253662642091513,0.39676403999328613,0.5570310354232788,0.01604721136391163,0.4455912113189697,0.493610680103302,0.006480485200881958,0.48566296696662903,0.4998522996902466,-0.0019513230072334409,0.5143454670906067,0.5232527256011963,-0.006266654469072819,0.3891921043395996,0.5487834215164185,0.0006039000581949949,0.4460994005203247,0.4751579761505127,-0.010004515759646893,0.4924744665622711,0.48744112253189087,-0.017065832391381264,0.521401584148407,0.5244010090827942,-0.019322594627738,0.3886532187461853,0.5632798671722412,-0.015308784320950508,0.4448019564151764,0.4946935772895813,-0.02247646450996399,0.49101722240448,0.5012607574462891,-0.023211518302559853,0.5207776427268982,0.5288914442062378,-0.021562375128269196,0.3975389003753662,0.6041568517684937,-0.031159469857811928,0.4482129216194153,0.5467746257781982,-0.03479998558759689,0.4851784110069275,0.5388619899749756,-0.03162834048271179,0.5113770365715027,0.5476342439651489,-0.027473563328385353,C
0.3400459289550781,0.7442423105239868,4.5363776735030115e-07,0.3934558033943176,0.745831310749054,0.01398036815226078,0.43085816502571106,0.7125954031944275,0.012858657166361809,0.4616580605506897,0.7000917792320251,0.005280610639601946,0.493123322725296,0.6881508231163025,-0.0013766984920948744,0.39530321955680847,0.5589489936828613,0.015567858703434467,0.446060448884964,0.49894338846206665,0.005519649013876915,0.48683962225914,0.5060963034629822,-0.0031327095348387957,0.5156653523445129,0.5300545692443848,-0.007736806757748127,0.38799721002578735,0.5499311685562134,-0.001132578239776194,0.44758158922195435,0.4717983603477478,-0.012184415943920612,0.49367693066596985,0.48264726996421814,-0.01932445354759693,0.5219793319702148,0.518812358379364,-0.021892094984650612,0.387241005897522,0.5641784071922302,-0.018090538680553436,0.44524410367012024,0.4924200773239136,-0.025056486949324608,0.49143028259277344,0.4968515634536743,-0.026001306250691414,0.5213308334350586,0.5239090323448181,-0.02498592995107174,0.3966424763202667,0.6058787107467651,-0.03480266407132149,0.44744518399238586,0.5482074618339539,-0.038192540407180786,0.4847799241542816,0.5373528599739075,-0.035640109330415726,0.5122871994972229,0.5438088774681091,-0.03245347738265991,C
0.3258715271949768,0.7856369614601135,2.75324822496259e-07,0.3865218758583069,0.7720433473587036,0.012449905276298523,0.43269556760787964,0.7432647347450256,0.011048976331949234,0.46540600061416626,0.7348721027374268,0.002810628619045019,0.49083763360977173,0.723541796207428,-0.004881481174379587,0.4074566960334778,0.5662218928337097,0.021812833845615387,0.4520447254180908,0.5027870535850525,0.01038884837180376,0.4890781342983246,0.5068991184234619,-0.002389427274465561,0.5162425637245178,0.527263879776001,-0.010451268404722214,0.39584240317344666,0.5599633455276489,0.004652222152799368,0.4497220516204834,0.479032039642334,-0.006605188827961683,0.4912397265434265,0.4871179461479187,-0.017921501770615578,0.519013524055481,0.5187498331069946,-0.024790406227111816,0.39052486419677734,0.5698490738868713,-0.013681107200682163,0.44728371500968933,0.49526724219322205,-0.022636253386735916,0.4895312786102295,0.5013872385025024,-0.028186196461319923,0.5180110335350037,0.5293054580688477,-0.031082982197403908,0.39265626668930054,0.5989207029342651,-0.032093800604343414,0.4420575499534607,0.5480014085769653,-0.0377301387488842,0.4780425429344177,0.5378243923187256,-0.03876953572034836,0.505508542060852,0.5435928106307983,-0.03877021744847298,C
